{
  "koi_fpflag_nt": 0.09925925925925926,
  "koi_fpflag_ss": 0.0033862433862433864,
  "koi_fpflag_co": 0.0,
  "koi_fpflag_ec": 0.0,
  "koi_period": 86.45789919311831,
  "koi_period_err1": 0.0015473226222849697,
  "koi_period_err2": -0.0015473226222849697,
  "koi_time0bk": 166.94496499898412,
  "koi_time0bk_err1": 0.009355017615117289,
  "koi_time0bk_err2": -0.009355017615117289,
  "koi_impact": 0.5270223424983763,
  "koi_impact_err1": 0.8591207645525629,
  "koi_impact_err2": -0.33457176368375324,
  "koi_duration": 4.6752684656084655,
  "koi_duration_err1": 0.29081758470894875,
  "koi_duration_err2": -0.29081758470894875,
  "koi_depth": 1181.2842823121887,
  "koi_depth_err1": 32.5245438748914,
  "koi_depth_err2": -32.5245438748914,
  "koi_prad": 41.438192249404636,
  "koi_prad_err1": 9.986170166702752,
  "koi_prad_err2": -11.464938298332973,
  "koi_teq": 825.2558995453561,
  "koi_insol": 716.7988879273042,
  "koi_insol_err1": 469.06186282994366,
  "koi_insol_err2": -328.6512224145392,
  "koi_model_snr": 59.090928772461574,
  "koi_tce_plnt_num": 1.383541039965621,
  "koi_steff": 5557.842173630656,
  "koi_steff_err1": 128.4257533058747,
  "koi_steff_err2": -139.4054347826087,
  "koi_slogg": 4.370643862307859,
  "koi_slogg_err1": 0.1016412313028398,
  "koi_slogg_err2": -0.12711706048124866,
  "koi_srad": 1.2934213033124053,
  "koi_srad_err1": 0.2555083459787557,
  "koi_srad_err2": -0.2267897246910904,
  "ra": 291.36350164444445,
  "dec": 44.207794297142854,
  "koi_kepmag": 14.339991322751324,
  "koi_tce_delivname_q1_q17_dr24_tce": 0.030476190476190476,
  "koi_tce_delivname_q1_q17_dr25_tce": 0.8844444444444445
}